CVE_DOC,CVE_ART,COSTO_UNITARIO,COSTO_TOTAL_CALCULADO
F37034,TUE00244,52.8,52.8
F37036,TUA00028,327.18,327.18
F37041,TP0007,177.68,1243.73
F37042,TP0001,38.96,38.96
F37043,BP00242,101.71,203.42
F37043,BP00243,49.41,98.82
F37044,RP00165,5323.76,5323.76
F37046,TP0001,38.96,116.88
F37048,TUE00207,517.89,517.89
F37049,TUE00207,517.89,517.89
F37050,TUE00207,517.89,517.89
F37051,TUE00207,0.0,586.32
F37052,TUE00207,0.0,586.32
F37053,BO00051,0.0,86.22
F37054,BC00023,0.0,742.05
F37058,PT00070,51.73,397.08
F37059,TP0011,124.0,248.0
F37060,PJ31C1F1AA00,0.0,425.69
F37061,WRE-2133,0.0,393.48
F37061,WRE-2774,0.0,530.41
F37061,WRE-4885,27.43,82.29
F37067,MR01934,147.76,443.27
F37068,PT00080,259.35,259.35
F37068,PT00081,332.65,332.65
F37069,RP00150,0.36,0.72
F37071,TUA00009,1081.89,3245.66
F37073,TP0011,124.0,620.0
F37073,TP0012,44.14,264.83
F37077,PT00044,489.39,978.77
F37078,BOBINA001,305.44,9163.18
F37083,TUE00247,295.24,1771.42
F37086,BOBINA001,305.44,9163.18
F37087,TUE00320,178.6,178.6
F37092,PJ31A1F1A400,68.95,689.45
F37092,PK31A1F1A400,78.32,783.24
F37095,RP00172,5.76,5.76
F37095,RP00173,45.01,45.01
F37097,BN00232,289.05,289.05
F37098,CBS00045,64.85,2594.17
F37100,MR01934,0.0,161.73
F37102,TUE00321,0.0,4527.42
F37103,TF71E1120A00,101.71,915.42
F37105,BO00052,0.0,819.14
F37107,TUA00404,0.0,3980.31
F37110,TEE00025,0.0,197.51
F37114,TUS00049,140.29,140.29
F37117,TUE00322,181.88,363.75
F37117,TUE00323,249.89,499.77
F37117,TUS00020,48.56,194.24
F37120,TUE00328,0.0,195.26
F37125,TUS00003,85.29,426.47
F37126,BB1 1/2X1/2-300W,220.0,220.0
F37128,TP0008,211.36,211.36
F37129,TUE00324,242.48,484.95
F37129,TUE00325,235.56,471.13
F37130,TUE00326,0.0,319.8
F37130,TUE00327,0.0,313.8
F37134,RB00010,44.7,178.8
F37138,P7J6C1D1A030,4.02,4.02
F37141,CS12E2040A00,69.23,138.46
F37142,CS12E2040A00,69.23,138.46
F37143,BC00024,556.14,1668.42
F37143,BC00025,447.68,1343.05
F37143,BP00241,95.82,574.91
F37143,TP00016,158.4,316.8
F37147,TUA00258,272.65,2181.22
F37150,BN00236,161.63,323.25
F37150,BN00237,105.68,422.72
F37152,TUA00364,0.0,3182.95
F37153,BP00245,51.38,102.76
F37156,BP00244,291.72,291.72
F37161,PK31B1I1A000,0.0,2408.67
F37167,BP00051,52.48,52.48
F37167,TUA00400,139.82,139.82
F37169,ECQ-00972,275.5,8264.95
F37171,TU5/16X230MM,200.3,600.9
F37174,TUE00146,372.67,3726.73
F37175,BO00054,360.5,2162.98
F37175,BO00055,337.97,2027.79
F37178,70001693,113.47,907.73
F37180,TP0004,77.13,771.29
F37184,BE00010,0.0,231.15
F37184,BL00011,0.0,330.39
F37184,BL00052,0.0,771.42
F37185,TUS00086,85.89,85.89
F37187,TEA00058,95.96,1151.56
F37187,TEA00059,131.65,1579.75
F37191,TEE00026,0.0,292.75
F37192,TP0003,71.25,1425.02
F37193,TP0001,38.96,38.96
F37198,TUA00410,363.33,1090.0
F37202,CS14B1010A00,27.08,27.08
F37204,TUA00350,436.54,436.54
F37214,TP0001,38.96,38.96
F37215,PK18J1F1A400,113.22,113.22
F37217,RP00176,0.0,742.57
F37219,TUS00064,0.0,480.08
F37221,TUA00078,0.0,1108.78
F37222,CS38E1017A00,0.0,134.84
F37223,TP0003,71.25,71.25
F37223,TP0025,75.89,75.89
F37226,PT00082,0.0,2428.6
F37230,54020219,1041.08,2082.15
F37231,93980461,1298.68,2597.36
F37233,PJ14F10B0600,0.0,387.87
F37235,TUE00057,435.3,435.3
F37236,TUE00331,0.0,97.52
F37237,BT00005,167.3,167.3
F37238,RC00024,104.4,104.4
F37239,TUE00332,0.0,673.13
F37240,TUA00124,0.0,647.84
F37240,TUE00063,0.0,1744.19
F37240,TUE00129,0.0,898.7
F37241,TUE00008,0.0,406.61
F37242,TUA00401,281.94,281.94
F37243,CAS00066,0.0,268.86
F37249,BB00077,0.0,75.53
F37250,TUS00052,13.38,13.38
F37255,TU5/16X230MM,0.0,226.23
F37257,TJ00087,0.0,520.79
F37257,TJ00088,0.0,274.16
F37259,BB1 1/2X1/2-300W,220.0,220.0
F37260,CBS00002,492.92,492.92
F37261,TUS00052,13.38,13.38
F37262,TUA00407,174.76,174.76
F37269,TP0005,0.0,318.0
F37270,65014-38,246.94,493.89
F37275,CS12G1040A00,90.18,90.18
F37276,MA00001,156.83,627.33
F37277,TUA00412,0.0,587.54
F37277,TUA00414,0.0,747.79
F37278,CS12J1075A00,0.0,397.28
F37279,TUE00329,130.78,130.78
F37279,TUE00330,134.36,134.36
F37282,TUA00143,189.47,2842.01
F37285,BB2X2ST,220.0,220.0
F37289,TUA00405,395.14,395.14
F37289,TUA00406,141.65,141.65
F37299,CBS00001,526.27,6315.25
F37300,BN00112,0.0,603.18
F37300,RPISTOLA01,96.78,967.82
F37301,TUA00408,533.27,1599.82
F37302,P231B1AF0500,319.99,2239.95
F37303,TUE00334,0.0,329.11
F37311,TUA00400,168.4,336.79
F37318,TUA00415,0.0,1255.77
F37319,TEA00004,0.0,665.36
F37320,TUA00082,0.0,2276.4
F37321,TUE00098,78.83,236.48
F37326,RC00026,0.0,250.49
F37331,ECQ-01444,0.0,2373.3
F37333,TUS00002,0.0,431.66
F37336,TP0016,222.0,444.0
F37336,TP0026,113.59,227.19
F37339,CBS00099,153.97,1539.68
F37341,TK00062,112.64,675.84
F37342,TP0005,87.1,87.1
F37349,CBS00100,0.0,595.19
F37350,PK31B1G10000,0.0,334.89
F37355,BN00055,182.75,548.24
F37357,CS38M1050A01,0.0,424.72
F37357,CS38N1050A01,0.0,601.92
F37358,BL00053,36.92,73.84
F37358,BN00232,299.62,299.62
F37358,BP00246,31.72,95.16
F37358,BP00247,155.39,310.77
F37358,BP00248,145.21,290.42
F37359,BN00115,150.74,150.74
F37361,TUS00052,17.39,104.34
F37362,TP0010,106.55,106.55
F37363,CM12G2075A00,0.0,539.13
F37363,RP00177,0.0,143.11
F37367,TUS00111,0.0,85.71
F37370,TUE00148,0.0,337.19
F37372,TU5/16X230MM,0.0,226.23
F37375,TP0002,51.36,102.71
F37376,PT00057,98.64,789.1
F37378,PT00082,1214.3,2428.6
F37381,TU5/16X203V,0.0,2606.27
F37386,TUE00081,431.83,863.66
F37389,TP0011,124.0,124.0
F37394,TUA00280,175.18,175.18
F37395,RP00178,12.4,12.4
F37401,BO00053,0.0,5346.0
F37403,P7J6C1D1A030,36.53,73.06
F37409,TEA00092,672.74,7400.14
F37409,TEA00093,1190.42,7142.54
F37414,PK14C1D1G300,0.0,280.17
F37415,TT00007,0.0,379.5
F37415,TT00008,0.0,693.49
F37417,TU5/16X203V240W,112.61,225.21
F37418,TEA00023,0.0,4592.74
F37422,TP0001,38.96,77.92
F37425,TU5/16X870J127V,227.18,227.18
F37426,TEA00096,0.0,773.91
F37429,TUA00025,304.25,1825.52
F37430,TP0015,173.0,865.0
F37433,RP00175,29.9,29.9
F37434,TP0016,222.0,222.0
F37435,TUS00112,0.0,949.4
F37436,TUA00403,378.69,757.39
F37437,BB1 1/2X1/2-300W,220.0,220.0
F37442,BB1 1/2X1/2-300W,0.0,253.0
F37442,TP0025,0.0,98.63
F37443,TUE00146,0.0,9156.17
F37444,BE00011,37.66,75.32
F37444,BE00012,44.54,89.08
F37444,BE00013,48.09,96.18
F37444,BE00015,51.09,102.18
F37444,BN00243,141.49,282.98
F37444,BN00244,201.21,402.41
F37444,BN00245,188.85,377.7
F37444,BN00246,297.2,594.4
F37444,BP00249,30.17,211.19
F37445,PJ140FD1A000,54.82,109.64
F37447,TUE00179,0.0,374.62
F37449,RC00025,0.0,732.84
F37450,CS58H1060A00,112.8,225.59
F37451,CS58H1060A00,112.8,225.59
F37455,TU5/16X870J127V,0.0,227.18
F37458,CBS00101,0.0,1281.35
F37464,TUA00427,0.0,2214.39
F37465,TEA00006,101.99,1019.92
F37467,TEE00017,0.0,2409.43
F37468,CS12J2025A00,0.0,74.08
F37469,TUE00207,1179.22,1179.22
F37470,TUE00207,1179.22,1179.22
F37471,TUE00207,1179.22,1179.22
F37472,TUE00207,1179.22,1179.22
F37473,TUE00207,1179.22,1179.22
F37474,TUE00332,338.28,676.56
F37475,TP0009,160.14,320.27
F37475,TP0010,106.55,213.1
F37475,TP0040,137.48,274.96
F37480,TEA00006,119.05,595.24
F37481,CBS00056,0.0,500.47
F37482,70001694,127.62,1276.19
F37483,70001698,120.29,962.29
F37484,70001692,113.69,795.85
F37485,70001690,161.1,1288.78
F37486,70001684,131.71,395.14
F37487,P214F1AB0600,0.0,1839.19
F37490,CS12F1040A00,88.95,355.8
F37491,TUE00339,7342.41,7342.41
F37492,BP00206,0.0,881.41
F37493,ECQ-00972,339.43,10182.84
F37495,TUE00075,29.29,117.15
F37498,CS12G1040A00,90.42,180.83
F37499,TUS00113,0.0,139.11
F37500,TUE00176,0.0,470.09
F37502,PJ14F1L1A800,0.0,747.38
F37509,TUE00132,0.0,559.98
F37509,TUS00005,0.0,535.46
F37513,TUE00338,0.0,139.69
F37514,TUE00337,173.44,520.33
F37515,TUS00029,0.0,144.69
F37516,BB00017,0.0,208.27
F37516,BB00018,0.0,688.35
F37516,BN00002,0.0,375.4
F37516,BN00003,0.0,415.77
F37517,BL00038,0.0,1203.29
F37517,PJ31Q1G3A100,236.98,710.93
F37518,TUA00426,0.0,1349.52
F37519,PK14G1D1G300,0.0,175.18
F37521,TUE00075,0.0,175.24
F37522,TUE00198,33.9,135.61
F37525,BC00026,688.31,688.31
F37530,TUE00307,236.68,946.71
F37530,TUE00308,210.46,841.84
F37531,PT00082,1214.3,2428.6
F37535,BS00006,918.12,5508.73
F37535,BS00008,0.0,6802.89
F37538,BB2X2ST,220.0,220.0
F37539,RP00181,0.0,41.26
F37540,TUE00337,173.44,520.33
F37541,TK00028,78.24,156.48
F37543,TP0008,211.36,211.36
F37543,TP0040,137.48,137.48
F37544,TUA00428,0.0,134.94
F37545,TUA00143,235.81,3537.11
F37547,TUA00102,370.94,370.94
F37553,P7J6C1D1A030,0.0,73.06
F37555,TUA00431,0.0,539.17
F37556,TP0005,87.1,348.39
F37559,TUE00007,435.26,435.26
F37562,CS38F1010A00,67.47,269.88
F37564,WRE-2137,122.14,610.68
F37565,BN00242,152.37,304.73
F37573,TUE00343,0.0,3857.05
F37578,BO00056,216.65,216.65
F37579,TEE00017,1246.35,4985.4
F37580,TP0011,143.8,143.8
F37582,TU5/16X203V,326.23,3262.29
F37584,TU5/16X230MM,212.44,212.44
F37585,TUE00341,317.3,317.3
F37586,TUE00341,317.3,317.3
F37589,TUA00430,269.6,808.8
F37594,CS14D2017B20,0.0,222.14
F37602,TP0005,87.1,87.1
F37603,TEA00006,119.05,2380.95
F37604,TUE00042,1666.85,8334.25
F37605,TP0011,143.8,719.0
F37606,RM00017,2644.78,2644.78
F37607,TUA00134,303.31,1819.85
F37608,PT00063,673.14,1346.28
F37610,TUA00432,0.0,1783.73
F37612,BB1 1/2X1/2-300W,220.0,440.0
F37612,TP0001,38.96,77.92
F37615,TUA00371,417.45,417.45
F37620,CAS00075,261.77,2617.65
F37620,CAS00076,0.0,5266.17
F37622,BB1 1/2X1/2-300W,220.0,220.0
F37624,TUA00175,377.29,1509.17
F37625,TUA00241,145.03,1305.27
F37626,TU5/16X230MM,212.44,212.44
F37628,TUA00222,358.0,716.01
F37629,TUE00333,97.81,195.77
F37633,TUA00421,525.52,2102.1
F37637,TUE00103,248.65,497.3
F37639,TP0012,44.14,220.69
F37642,BB1 1/2X1/2-300W,220.0,220.0
F37644,TUE00340,281.63,563.27
F37646,BS00011,0.0,153.86
F37649,TUA00124,541.44,1082.88
F37652,TUS00115,0.0,420.72
F37655,BL00022,112.11,112.11
F37656,PT00047,0.0,4880.41
F37658,ECQ-01444,761.07,1522.13
F37662,TP0010,106.55,426.19
F37664,TUA00429,626.37,1252.74
F37665,TP0011,143.8,287.6
F37667,TUA00419,327.61,327.61
F37672,BE00016,0.0,60.56
F37673,BL00054,174.73,349.45
F37674,BO00058,300.96,1805.76
F37676,TUE00207,1179.22,1179.22
F37677,TUA00422,319.43,319.43
F37678,TUA00422,319.43,319.43
F37679,TUA00424,417.02,417.02
F37680,TUA00424,417.02,417.02
F37685,BP00089,66.08,264.34
F37687,TU5/16X230MM,212.44,212.44
F37688,P114I1D4A000,98.65,197.3
F37692,BP00257,64.98,389.9
F37692,TP0001,38.96,77.92
F37693,TP0002,51.36,102.71
F37695,TP0001,38.96,77.92
F37697,RP00165,5211.65,5211.65
F37698,TP0016,222.0,222.0
F37699,TU5/16X230MM,200.3,400.6
F37700,TP0005,87.1,870.97
F37701,TUA00433,0.0,3102.37
F37702,CBE00028,0.0,752.71
F37702,TK00034,519.02,519.02
F37703,BP00259,0.0,89.76
F37703,BP00260,0.0,72.34
F37708,TUA00200,1282.76,5131.02
F37710,TUE00161,116.97,233.93
F37711,RP00182,0.0,2448.37
F37713,TUA00099,0.0,3820.84
F37714,PA00001,0.0,6978.64
F37717,TR51G1125A00,97.0,97.0
F37718,CS12E2040A00,71.53,286.12
F37718,CS12F2040A00,88.34,353.34
F37719,TK00063,228.89,686.66
F37722,BL00001,0.0,50.94
F37722,BP00258,0.0,45.28
F37724,EE00003,0.0,14.76
F37728,BOE00012,1137.06,6822.37
F37728,BOE00013,698.18,6981.76
F37730,TP0008,211.36,211.36
F37730,TP0022,410.21,410.21
F37731,TP0001,38.96,38.96
F37734,BO00005,0.0,3120.88
F37736,TP0003,0.0,2215.69
F37737,TP0003,71.25,142.5
F37740,TEA00016,0.0,1420.68
F37742,RP00184,102.22,102.22
F37743,TEA00017,0.0,1506.97
F37746,BN00248,97.46,779.66
F37746,BN00249,172.28,344.57
F37746,BN00250,155.02,310.03
F37746,BN00251,177.36,177.36
F37750,BP00149,216.46,649.37
F37750,BP00150,213.66,854.65
F37751,BE00011,37.66,75.32
F37751,BE00012,44.54,89.08
F37751,BE00013,48.09,96.18
F37751,BE00015,51.09,102.18
F37752,TP0003,72.37,72.37
F37753,BB1 1/2X1/2-300W,220.0,220.0
F37755,TUS00116,64.91,64.91
F37756,TUS00118,258.43,258.43
F37757,TP0015,173.0,173.0
F37758,TUE00319,0.0,12855.68
F37760,151.7208,391.24,782.48
F37761,TUA00096,116.73,116.73
F37764,TP0024,48.49,145.47
F37770,TP0022,410.21,410.21
F37772,TUE00025,316.4,316.4
F37774,MA00016,6.69,6.69
F37775,RP00180,24.0,24.0
F37776,RP00171,258.21,258.21
F37777,BOBINA001,340.8,20448.01
F37785,BB1 1/2X1/2-300W,220.0,220.0
F37787,TUA00219,0.0,5369.65
F37788,TUS00020,0.0,323.44
F37791,TUA00434,244.91,244.91
F37802,CS12F1040A00,88.95,533.7
F37802,CS12H1050A00,91.21,547.28
F37803,ECQ-00972,366.1,9152.38
F37803,ECQ-01444,736.48,736.48
F37804,ECQ-00972,356.75,3567.53
F37804,ECQ-01444,0.0,2373.3
F37805,TP00019,0.0,4249.74
F37807,TUE00162,0.0,1034.72
F37808,TUE00348,0.0,1221.53
F37813,TUE00105,0.0,1306.63
F37814,TUS00035,88.74,266.21
F37817,GAB00014,0.0,1516.24
F37817,TUA00376,2935.26,5870.53
F37818,TP0040,137.48,137.48
F37824,TP0001,42.79,42.79
F37827,BP00251,112.24,112.24
F37827,BP00252,111.07,111.07
F37827,BP00253,112.24,112.24
F37827,BP00254,59.54,59.54
F37827,BP00255,110.37,110.37
F37827,BP00256,110.37,110.37
F37829,RP00187,90.16,90.16
F37830,TUS00002,106.52,319.57
F37831,TUS00001,0.0,633.46
F37832,TUE00081,359.16,359.16
F37834,TUA00175,377.29,1509.17
F37835,TUS00117,0.0,165.15
F37836,BC00010,360.32,720.65
F37841,RP00150,0.36,0.72
F37842,BB1 1/2X1/2-300W,220.0,220.0
F37843,MR01934,0.0,646.92
F37844,BN00064,0.0,94.49
F37845,TP0026,113.59,113.59
F37852,TUS00017,0.0,459.5
F37852,TUS00018,0.0,295.92
F37853,TP0002,51.36,51.36
F37854,E1041959,0.0,5083.38
F37858,BC00006,0.0,4563.71
F37858,P231A1D6K200,0.0,1257.53
F37860,65014-38,0.0,735.34
F37863,TUA00435,0.0,1511.46
F37866,CM10E2050A00,0.0,70.86
F37872,TUA00420,0.0,3660.03
F37876,EE00026,0.0,94.84
F37876,TU5/16X203V,321.87,321.87
F37878,TP0011,144.4,288.8
F37878,TP0012,50.54,50.54
F37880,TUA00017,0.0,1229.62
F37882,TJ00046,204.07,204.07
F37882,TP0024,48.49,48.49
F37883,TUE00342,0.0,722.38
F37884,TUE00103,248.65,497.3
F37888,PJ14F10B0600,0.0,775.73
F37888,PJ14J10B0600,0.0,404.78
F37892,TUA00148,1125.85,1125.85
F37898,TUE00132,432.3,432.3
F37899,P114Q1H90412,0.0,3965.36
F37900,TUS00119,48.21,48.21
F37903,TUA00087,318.83,2869.44
F37906,TUE00345,133.09,133.09
F37908,TUE00248,160.64,963.82
F37909,TJ00090,0.0,403.47
F37910,TUE00351,0.0,148.76
F37910,TUE00352,0.0,148.76
F37912,E1041968,0.0,2779.23
F37914,RP00183,7.6,7.6
F37919,RP00137,107.68,107.68
F37922,TUA00124,0.0,1943.52
F37925,TP0012,50.54,202.16
F37927,TUE00207,493.68,1974.74
F37929,RC00027,0.0,123.23
F37933,TUE00172,4045.07,4045.07
F37937,PT00082,1214.3,2428.6
F37938,TP0002,0.0,135.14
F37939,TUE00350,223.66,223.66
F37941,BN00252,183.93,367.86
F37942,TUA00436,333.44,1667.21
F37943,CAE00039,842.74,1685.48
F37944,TEA00099,217.64,1305.87
F37946,BC00027,797.54,797.54
F37947,TUA00099,1319.75,3959.26
F37951,TP0001,42.79,42.79
F37953,CM10D2025A00,67.31,201.92
F37953,CM10D2030A00,67.21,134.42
F37958,TP0004,86.23,172.46
F37959,TP0024,48.49,48.49
F37960,BL00055,0.0,213.87
F37961,TJ00043,0.0,48.85
F37962,TJ00043,0.0,146.54
F37964,TUS00003,46.14,461.36
F37966,BB1 1/2X1/2-300W,220.0,220.0
F37967,E1041960,0.0,4218.97
F37970,CS14E1020A00,28.9,28.9
F37971,P231F1H6AB00,671.48,1342.97
F37972,TUA00079,249.07,747.21
F37977,TUE00319,714.2,12855.68
F37978,TUE00248,160.64,963.82
F37980,TP0003,72.37,723.67
F37985,BO00059,199.22,796.86
F37987,CAE00039,842.74,1685.48
F37990,TUA00412,143.09,286.18
F37990,TUA00440,0.0,148.02
F37990,TUS00120,0.0,38.92
F37991,TP0002,51.36,102.71
F37996,TUA00124,517.64,1035.28
F37997,RM00038,0.0,921.37
F38000,TUA00376,2935.26,5870.53
F38001,TP0025,76.46,382.32
F38003,TUS00048,36.0,36.0
F38004,TUE00258,67.21,67.21
F38005,TP00011,509.98,1529.93
F38005,TUE00261,694.6,3472.99
F38008,TUA00437,0.0,485.55
F38012,TUE00336,0.0,722.34
F38014,PT00083,0.0,2592.94
F38021,PA00001,3624.09,7248.18
F38023,TP0011,144.4,144.4
F38026,BP00261,841.63,841.63
F38029,TUA00438,0.0,567.27
F38030,TP0011,144.4,144.4
F38036,TP0012,50.54,101.08
F38042,CAE00040,0.0,3998.41
F38043,TUE00034,504.53,1009.05
F38046,ECQ-00971,0.0,2619.0
F38046,ECQ-01444,852.37,3409.48
F38047,ECQ-00972,335.51,11742.95
F38047,ECQ-01444,0.0,7911.01
F38048,TUE00344,0.0,928.07
F38058,CS38C1008A00,0.0,618.84
F38059,BB00095,42.99,85.97
F38061,PT31B1D5A400,11.02,22.03
F38062,TP0025,76.74,460.41
F38064,TP0016,222.0,222.0
F38065,RM00022,33.79,33.79
F38066,TK00062,112.64,225.28
F38067,TP0011,144.4,722.0
F38067,TP0012,50.54,50.54
F38069,BP00260,72.34,72.34
F38073,E1041960,210.95,3586.12
F38074,TUA00021,0.0,4673.63
F38082,TUA00009,1048.4,4193.61
F38083,TP0001,42.79,42.79
F38085,TUA00258,0.0,1915.76
F38086,BN00254,0.0,291.71
F38089,TP0025,0.0,986.31
F38090,TUA00441,0.0,406.12
F38092,BP00215,97.53,97.53
F38092,RP00191,10.7,10.7
F38094,TP0025,0.0,98.63
F38096,RC00013,0.0,136.98
F38097,EE00021,2227.85,4455.7
F38102,TUA00442,305.31,610.62
F38104,TP0025,90.91,1363.68
F38109,RP00195,42.35,42.35
F38111,RM00022,33.79,135.17
F38112,RP00194,3.8,3.8
F38113,TUA00443,344.32,344.32
F38114,TEA00006,131.87,2637.36
F38115,RC00012,224.13,1344.78
F38116,TU5/16X230MM,200.3,200.3
F38119,EE00055,0.0,565.29
F38122,TEA00096,773.91,773.91
F38124,PT00083,477.85,2389.27
F38124,TEA00100,136.25,681.25
F38127,TP0002,62.82,62.82
F38129,CS12D2040A01,101.4,101.4
F38130,TUA00439,0.0,483.67
F38131,TEA00099,217.64,1305.87
F38132,TP0011,0.0,722.0
F38134,TP0002,62.82,125.64
F38135,TJ00063,0.0,461.74
F38140,PK31A1I1A000,0.0,1434.11
F38141,BC00027,797.54,1595.08
F38142,BB00101,36.52,73.04
F38145,TUE00081,701.72,701.72
F38147,CAE00011,88.03,352.13
F38148,RP00197,1368.31,1368.31
F38149,TUS00121,33.75,33.75
F38155,BP00263,80.09,80.09
F38159,TU5/16X870J127V,227.18,454.37
F38160,RP00196,0.0,5301.49
F38161,CS58M2050A11,172.13,344.27
F38161,PJ000GE1A400,58.36,116.73
F38170,TP00021,0.0,330.09
F38170,TP00022,0.0,453.27
F38171,BB1 1/2X1/2-300W,253.0,253.0
F38177,93980461,0.0,1261.99
F38178,93980461,0.0,1261.99
F38179,54020219,0.0,2135.98
F38180,54020219,1130.54,2261.08
F38186,TUA00131,2061.24,6183.72
F38189,RP00193,518.74,518.74
F38191,TUE00353,60.64,60.64
F38194,TUE00207,685.68,2742.7
F38195,TUE00354,295.91,295.91
F38196,PJ000GH1A000,0.0,412.22
F38196,PJ000GJ1A000,0.0,726.18
F38196,PT00084,0.0,1199.64
F38200,PT00010,0.0,671.87
F38201,TUA00127,0.0,1183.69
F38204,TUA00321,279.88,2239.06
F38205,MR01934,165.95,331.9
F38208,TP0001,42.79,128.38
F38209,RP00002,0.0,4434.97
F38215,ECQ-01444,806.14,3224.57
F38216,TUA00311,0.0,324.05
F38217,TUE00068,0.0,1141.51
F38221,CAS00080,0.0,14643.92
F38228,TUS00090,170.19,170.19
F38229,TEA00058,181.72,3634.36
F38230,BB1 1/2X1/2-300W,253.0,253.0
F38233,70001694,0.0,1516.01
F38234,70001692,0.0,909.55
F38235,70001684,115.41,692.44
F38236,RP00198,168.7,168.7
F38239,CAS00034,117.49,1174.89
F38240,TP0003,77.57,155.15
F38241,TP0022,0.0,9392.95
F38245,TEA00101,0.0,149.98
F38246,TP0016,222.0,444.0
F38247,TUS00122,0.0,61.3
F38248,TUS00122,0.0,91.95
F38249,TP0005,97.49,97.49
F38256,CS58G1030A00,0.0,229.29
F38261,TU5/16X203V,321.87,965.61
F38265,BP00264,0.0,208.8
F38276,CAS00043,0.0,130.94
F38277,47980249,287.63,1725.78
F38278,47980626,0.0,1885.91
F38279,MR8-250-11-13,0.0,320.04
F38281,TUA00449,0.0,2840.53
F38281,TUA00450,0.0,1472.41
F38282,TUA00049,0.0,2446.31
F38283,CBE00012,0.0,1707.07
F38283,CBE00040,0.0,1068.83
F38284,TK00065,0.0,124.56
F38288,TP0040,171.87,171.87
F38291,47980075,0.0,9760.13
F38293,47980249,0.0,4735.23
F38294,CAS00079,0.0,374.39
F38295,TUE00101,407.85,407.85
F38296,AK00012,0.0,467.13
F38297,TUA00445,848.3,1696.61
F38300,CBE00039,208.61,208.61
F38302,TJ00091,0.0,119.54
F38309,TU5/16X230MM,200.3,400.6
F38312,TUE00146,266.04,9577.26
F38315,TUA00325,3900.52,3900.52
F38317,BN00256,79.79,159.57
F38317,BN00257,83.72,167.44
F38317,BP00263,80.09,80.09
F38321,BB1 1/2X1/2-300W,253.0,253.0
F38324,RP00201,55.83,55.83
F38327,BB1 1/2X1/2-300W,253.0,253.0
F38329,TUA00436,0.0,3994.81
F38336,TU5/16X230MM,200.3,200.3
F38342,RP00202,7.6,7.6
F38343,CS58P2120A01,206.22,2062.24
F38344,BOBINA001,378.12,11343.64
F38346,TUA00444,602.39,602.39
F38347,CS14D2017B20,68.34,136.67
F38349,TP0011,135.69,542.76
F38349,TP0012,54.8,219.2
F38351,TP0006,432.0,1728.0
F38352,RP00203,0.0,199335.56
F38353,TUE00362,0.0,95.4
F38357,TEE00027,717.66,1435.32
F38358,TU5/16X230MM,200.3,200.3
F38364,TP0001,42.79,42.79
F38365,TUA00438,562.77,562.77
F38368,TUA00439,0.0,967.34
F38372,TUS00005,174.94,699.77
F38373,TU5/16X203V,321.87,965.61
F38374,BO00061,89.98,539.86
F38375,TUE00363,0.0,752.71
F38380,CS14D2017B20,0.0,333.2
F38386,BB1 1/2X1/2-300W,253.0,253.0
F38388,BO00064,7.2,14.4
F38390,BO00062,43.24,432.37
F38391,CBS00098,0.0,1443.18
F38392,TP0011,135.69,135.69
F38393,ECQ-00972,355.29,7105.79
F38393,ECQ-00974,1465.29,2930.59
F38395,TP0025,92.33,92.33
F38399,TUA00446,227.74,227.74
F38401,CAS00068,65.63,131.25
F38401,CAS00069,654.97,1309.94
F38401,CAS00070,23.77,47.53
F38401,CAS00071,67.69,135.37
F38403,TP0002,62.82,314.09
F38403,TP0003,77.57,387.87
F38404,TUA00124,668.43,668.43
F38407,PK51H1JBA600,0.0,3340.17
F38408,TEE00028,0.0,2289.82
F38408,TUS00123,0.0,1542.56
F38412,CAS00081,0.0,395.26
F38412,TP0024,48.49,48.49
F38417,TP0012,54.8,109.6
F38418,BN00258,0.0,172.35
F38424,TUA00447,0.0,3776.75
F38424,TUA00448,0.0,3574.62
F38425,TUE00362,48.03,48.03
F38426,TP0009,205.2,205.2
F38427,TP0011,135.69,542.76
F38427,TP0012,54.8,219.2
F38428,TP0003,77.57,232.72
F38432,CM10G1030A00,0.0,311.18
F38433,TUA00457,0.0,493.38
F38435,TP0025,92.24,1383.54
F38436,BP00246,42.65,85.29
F38436,BP00247,155.39,310.77
F38436,BP00263,80.09,160.18
F38437,TUA00413,177.85,177.85
F38438,TU5/16X203V240W,331.33,662.65
F38440,EE00059,0.0,1170.9
F38443,BO00063,0.0,3192.33
F38443,RB00021,0.0,670.74
F38447,CS14D2017B20,111.07,111.07
F38454,TUA00453,236.06,1416.34
F38455,CS14E1012A00,32.24,128.97
F38456,TEA00103,87.04,174.08
F38457,TUA00009,1072.93,2145.86
F38458,PT00057,144.19,1441.92
F38459,CAE00011,0.0,367.04
F38464,TT00009,0.0,2360.31
F38464,TT00010,0.0,2378.73
F38466,P9K1J1D1G030,76.68,153.36
F38469,TU5/16X870J127V,227.18,227.18
F38471,P214J1BBA600,521.59,521.59
F38472,BN00260,174.16,348.32
F38472,BN00261,91.63,183.26
F38474,CS38C1008A00,0.0,556.96
F38475,TJ00029,0.0,1029.98
F38477,TUA00099,0.0,3820.84
F38477,TUA00191,0.0,2608.29
F38480,TP0005,97.49,97.49
F38482,BP00215,97.53,97.53
F38482,RP00191,10.7,10.7
F38484,BOBINA002,18.14,1813.59
F38484,BOBINA003,0.0,2573.85
F38487,TUS00016,0.0,456.18
F38487,TUS00017,100.68,503.4
F38487,TUS00018,0.0,591.85
F38488,PA00011,0.0,1092.06
F38488,PA00012,0.0,1220.15
F38489,TUA00458,473.55,473.55
F38491,PT31B1G1AG00,0.0,912.43
F38492,PT00087,0.0,921.15
F38493,TUA00459,0.0,345.97
F38495,TUA00461,0.0,322.13
F38497,TUE00171,0.0,771.72
F38499,TP0012,54.8,54.8
F38501,TP0011,141.3,423.89
F38502,TUA00460,0.0,557.42
F38505,TUE00004,123.23,123.23
F38507,ECQ-01444,773.12,5411.87
F38509,TEA00004,665.36,665.36
F38513,BN00216,276.18,552.36
F38514,TUA00009,925.21,1850.42
F38516,BL00012,136.58,136.58
F38517,PJ31F1F1A400,0.0,82.32
F38524,ECQ-00971,405.35,1216.06
F38528,TP0016,260.2,260.2
F38531,TUA00459,345.97,345.97
F38534,BL00057,0.0,55.57
F38534,BL00058,65.25,130.51
F38534,BP00265,64.34,128.69
F38534,BP00266,64.34,128.69
F38536,TP0007,210.24,210.24
F38536,TP0008,265.64,265.64
F38536,TP0009,205.2,205.2
F38537,BS00012,0.0,76.36
F38542,ABRAZA01,15.03,150.32
F38543,TEA00006,133.05,2660.93
F38544,TEA00006,133.05,1995.7
F38545,93980461,1357.1,1357.1
F38546,54020219,1130.54,2261.08
F38547,47980249,295.59,1773.52
F38549,EE00060,0.0,185.06
F38553,PJ000NH1A400,42.63,170.5
F38557,P131B1I14000,0.0,297.42
F38558,TP0012,54.8,54.8
F38561,PJ000GH1A000,206.11,206.11
F38561,PJ000GJ1A000,0.0,2178.55
F38562,PT00063,0.0,671.28
F38566,BS00010,0.0,133.98
F38576,BN00263,172.53,345.06
F38576,BP00267,0.0,608.14
F38577,MR01934,161.73,808.65
F38578,TUA00318,0.0,5407.95
F38580,TUA00459,345.97,345.97
F38583,CAS00083,0.0,7098.51
F38583,CAS00084,0.0,3719.48
F38583,CAS00085,0.0,611.06
F38583,CAS00086,0.0,379.36
F38586,TP0011,144.4,433.2
F38588,PT00088,0.0,323.11
F38588,TUE00364,165.65,165.65
F38590,BP00070,110.15,440.58
F38602,TP0040,171.87,171.87
F38602,TUA00376,0.0,5099.14
F38604,TJ00092,156.34,469.01
F38605,TP0001,42.79,42.79
F38606,CBS00104,150.16,450.49
F38609,PT00034,0.0,1020.51
F38612,AJ00010,0.0,1081.24
F38612,TUE00367,0.0,781.73
F38613,TEE00017,1389.6,2779.2
F38615,PT00047,257.6,2575.95
F38616,TUA00177,0.0,4233.54
F38617,TP0012,54.8,54.8
F38620,RP00205,1195.0,1195.0
F38622,TP0005,97.49,97.49
F38622,TP0040,171.87,343.73
F38625,TU5/16X215V240W,0.0,316.45
F38633,TUE00105,1306.63,1306.63
F38636,70001694,155.25,620.99
F38636,70001696,0.0,528.65
F38636,CBE00041,0.0,812.15
F38636,CBS00056,122.18,488.72
F38637,RP00206,0.0,649.31
F38637,RP00207,0.0,1180.41
F38637,RP00208,0.0,595.74
F38637,TUE00061,585.92,585.92
F38638,BOBINA001,429.81,12894.24
F38638,TEA00023,788.54,2365.62
F38639,PT00033,244.91,244.91
F38641,CS38K2025A2D,0.0,541.35
F38641,TUE00366,0.0,461.4
F38642,PA00008,790.28,3161.13
F38642,PA00009,753.71,3014.83
F38643,PA00005,703.11,3515.54
F38645,TP0002,0.0,135.14
F38646,TUA00464,0.0,5553.86
F38648,TUE00172,5169.85,5169.85
F38649,TUE00247,0.0,1298.83
F38651,BP00259,89.76,89.76
F38651,BP00260,72.34,72.34
F38652,BP00259,0.0,89.76
F38652,BP00260,0.0,72.34
F38653,PJ31A1I1A400,0.0,1417.21
F38657,BB2X2ST,220.0,440.0
F38663,TUA00463,0.0,3863.23
F38665,RP00165,0.0,277.5
F38669,TUA00436,333.0,3995.98
F38672,PT00047,257.6,2575.95
F38675,TUE00061,1225.86,1225.86
F38683,TP0025,92.33,923.31
F38688,PT00089,0.0,1131.63
F38690,PJ04F1H1A400,0.0,1119.59
F38690,PK04F1H1A400,0.0,1249.59
F38692,TUA00438,567.27,567.27
F38698,WRE-2774,0.0,378.86
F38700,RM00043,0.0,193.86
F38702,TUE00369,0.0,197.36
F38704,BL00059,55.23,110.46
F38704,BP00239,36.8,73.59
F38704,BP00263,80.09,160.18
F38705,EE00063,0.0,1721.28
F38706,MA00021,179.31,179.31
F38706,P114R1AB0600,0.0,5149.29
F38708,CAS00068,0.0,1806.93
F38708,CAS00069,0.0,4502.25
F38708,CAS00070,0.0,263.28
F38708,CAS00071,0.0,1291.57
F38709,70001690,0.0,1287.37
F38709,70001694,122.67,736.0
F38711,97020238,0.0,7848.04
F38716,TUA00468,0.0,991.99
F38727,TP0011,144.4,722.0
F38727,TP0012,54.8,274.0
F38736,TUE00368,0.0,1712.29
F38741,RPISTOLA01,82.15,246.45
F38744,TUA00222,335.77,335.77
F38748,TP0003,74.45,744.5
F38758,TP0001,42.79,213.97
F38758,TP0003,72.37,144.73
F38758,TP0005,97.49,292.48
F38760,TP0011,144.2,432.6
F38762,ECQ-00971,396.78,1587.1
F38762,ECQ-00972,291.48,8744.54
F38763,ECQ-00971,0.0,1496.57
F38763,ECQ-00972,290.21,5804.18
F38763,ECQ-01444,844.23,3376.92
F38764,TP0002,62.82,125.64
F38771,PJ31L1H1G400,0.0,908.84
F38773,TUS00125,0.0,156.55
F38777,TUA00175,338.22,1352.89
F38778,TUA00471,0.0,301.83
F38780,RPISTOLA01,82.15,328.6
F38784,54020219,1135.53,3406.59
F38785,93980461,1261.99,2523.98
F38786,70001691,91.5,366.02
F38789,TJ00093,0.0,181.44
F38791,TUA00470,0.0,1884.35
F38792,TUA00467,0.0,1257.6
F38794,TUA00453,0.0,3389.64
F38795,BN00264,0.0,164.74
F38796,TUA00469,0.0,2121.33
F38797,BOBINA001,430.03,12900.92
F38800,RP00209,73.01,73.01
F38801,TP0018,72.97,72.97
F38803,TP0003,72.37,72.37
F38806,65014-40,0.0,753.85
F38806,67234-15,32.38,129.51
F38807,PJ06C1CHB000,31.14,31.14
F38809,TUA00065,572.12,1144.25
F38809,TUA00066,917.05,917.05
F38814,TUE00081,469.69,469.69
F38816,TUE00370,86.15,1292.21
F38817,CM65C1020B02,210.34,841.34
F38821,TEA00044,438.86,1316.59
F38821,TEE00024,0.0,3449.19
F38824,AK00013,0.0,110.45
F38826,TUA00464,264.47,5553.86
F38829,TP00007,345.81,691.62
F38829,TUE00372,0.0,181.42
F38832,TP0002,62.95,62.95
F38836,TP0001,48.2,48.2
F38837,BO00047,0.0,367.61
F38837,BO00066,0.0,0.0
F38838,47980626,457.78,1831.12
F38841,TUE00371,249.45,249.45
F38850,TUE00172,2754.67,2754.67
F38851,TP0007,210.24,210.24
F38853,BN00158,0.0,120.77
F38854,BO00044,10.82,32.46
F38857,TUE00075,43.81,262.85
F38857,TUE00198,48.94,146.81
F38861,TP0003,78.65,78.65
F38862,TUE00122,227.62,682.85
F38863,TJ00081,0.0,66.88
F38864,TP0001,48.2,48.2
F38864,TP0002,62.95,62.95
F38867,TUE00267,6587.67,6587.67
F38868,TUA00472,348.7,697.4
F38871,TUA00437,242.78,485.55
F38874,PJ06C1CHB000,0.0,31.14
F38876,PT00011,185.95,3719.07
F38880,TUA00258,457.71,2746.25
F38881,BN00055,0.0,548.62
F38882,ABRAZA01,4.8,48.02
F38883,TUS00001,135.18,405.53
F38883,TUS00002,136.6,409.8
F38884,TP0007,210.24,1471.68
F38887,TP0016,260.2,260.2
F38889,CBS00043,216.17,1729.33
F38890,TP0005,97.49,97.49
F38891,TP0015,173.0,173.0
F38892,TUA00134,0.0,1668.85
F38894,BN00265,0.0,369.86
F38900,RP00212,0.0,177.06
F38910,BOBINA004,2613.6,5227.2
F38912,RPISTOLA01,0.0,389.85
F38913,BC00029,0.0,0.0
F38914,TP00012,223.04,223.04
F38923,TUE00373,0.0,87.87
F38924,TUA00009,0.0,2125.57
F38925,MA00001,0.0,1444.71
F38932,EE00067,0.0,721.38
F38932,EE00068,0.0,886.73
F38937,CBE00032,0.0,1221.56
F38938,BB1 1/2X1/2-300W,253.0,506.0
F38941,TEE00017,0.0,4818.85
F38946,TUE00374,0.0,142.04
F38947,TUE00216,0.0,5244.49
F38948,CBS00075,0.0,1517.55
F38949,CS58K2105AA1,0.0,2868.3
F38950,ECQ-00972,314.44,6288.76
F38951,PT00090,363.31,7266.24
F38954,TP0025,92.32,1846.35
F38957,TUE00034,741.05,2964.18
F38958,TJ00094,0.0,239.89
F38959,TUA00462,470.05,470.05
F38959,TUE00365,0.0,217.51
F38961,TK00066,39.22,39.22
F38967,TP0004,84.41,844.11
F38968,TP0016,260.2,260.2
F38969,TUA00249,1216.54,1216.54
F38970,TP0003,78.65,78.65
F38973,RC00030,0.0,927.84
F38977,TP0016,260.2,780.6
F38984,CS34S2075A00,0.0,2887.02
F38984,CS34S2100A00,0.0,2268.0
F38986,TU5/16X230MM,226.23,452.46
F38995,47980590,693.77,693.77
F38996,93980461,1261.99,1261.99
F38996,93980465,0.0,1165.13
F38997,54020219,0.0,4271.95
F38998,PT00047,313.65,6273.1
F38999,P25601AB0600,0.0,521.55
F39004,CS12N1050A00,0.0,1016.9
F39005,TUS00126,42.8,42.8
F39006,BC00010,0.0,2039.25
F39007,RB00003,100.13,200.26
F39007,RB00010,894.91,1789.82
F39008,CS12F1040A00,0.0,204.63
F39009,TP0016,260.2,520.4
F39010,CAS00084,137.83,1240.49
F39010,CAS00085,203.69,203.69
F39010,CAS00086,126.54,126.54
F39013,BP00268,68.35,136.7
F39014,TUA00098,388.11,388.11
F39016,BP00268,68.35,136.7
F39017,TUA00468,330.66,991.99
F39018,ECQ-00972,331.61,6632.15
F39018,ECQ-00974,1388.82,1388.82
F39020,TP0011,144.4,144.4
F39024,TUE00081,0.0,873.18
F39026,TUA00473,0.0,176.15
F39028,BB1 1/2X1/2-300W,253.0,253.0
F39029,TP0004,77.13,771.29
F39032,TUE00161,0.0,337.18
F39033,CS12J1075A00,107.5,429.99
F39034,CAE00045,158.36,633.45
F39036,TP0008,265.64,531.27
F39036,TP0010,125.68,251.36
F39040,TP0012,57.6,57.6
F39046,CAS00063,0.0,1701.62
F39051,BB1 1/2X1/2-300W,253.0,253.0
F39053,TUE00376,0.0,28.41
F39054,PK31A1I1A000,286.59,2865.87
F39055,TUS00005,168.4,505.21
F39061,TP0003,78.65,1101.12
F39061,TP0008,265.64,1593.82
F39063,RP00213,91.4,91.4
F39065,RP00214,0.0,13.33
F39065,TUA00474,0.0,1139.58
F39065,TUE00094,0.0,281.46
F39066,TUA00441,406.12,406.12
F39067,TUA00027,0.0,682.82
F39070,TP00007,0.0,697.83
F39072,CS38H1020A00,0.0,136.5
F39073,TU5/16X230MM,226.23,226.23
F39074,TU5/16X230MM,226.23,226.23
F39076,TUA00009,955.68,1911.36
F39078,TP0005,97.49,97.49
F39082,TUE00375,0.0,896.15
F39088,TUE00378,0.0,9353.62
F39089,TP0003,78.65,78.65
F39090,TUA00475,0.0,197.53
F39090,TUS00127,0.0,72.88
F39096,PJ31G1AB0600,0.0,400.95
F39097,TUA00476,0.0,159.65
F39105,TEA00105,0.0,1108.97
F39114,TUA00033,0.0,1170.39
F39114,TUS00001,130.97,392.91
F39114,TUS00002,0.0,863.31
F39115,TEA00017,0.0,3013.94
F39116,TUE00379,0.0,239.08
F39117,TUE00377,0.0,309.63
F39120,TP00008,0.0,730.4
F39120,TUE00063,438.39,876.79
F39120,TUE00129,523.53,523.53
F39120,TUE00334,164.55,164.55
F39121,RP00001,33387.05,33387.05
F39124,TP0003,78.65,78.65
F39125,BB1 1/2X1/2-300W,253.0,253.0
F39128,BB2X2ST,220.0,220.0
F39130,TUA00459,345.97,345.97
F39131,TUA00459,0.0,345.97
F39133,CAS00051,0.0,286.9
F39133,CBS00007,0.0,669.24
F39134,TUE00207,685.68,685.68
F39135,TUE00207,685.68,685.68
F39136,TUE00207,685.68,685.68
F39137,TUE00207,685.68,685.68
F39138,TP0011,144.4,288.8
F39139,BS00006,816.73,16025.97
F39139,BS00008,930.34,19187.82
F39142,TP0001,48.2,192.79
F39144,EE00071,0.0,170.62
F39146,BC00006,1116.84,2233.68
F39146,BL00002,0.0,110.26
F39146,BN00145,155.35,310.7
F39146,BN00146,253.99,507.97
F39146,PT00079,0.0,477.16
F39147,PT00083,0.0,5185.87
F39147,TEA00100,0.0,681.25
F39150,TUE00380,0.0,936.33
F39151,TUA00053,0.0,824.78
F39152,CS58L2050A00,0.0,621.48
F39154,PRECA003,667.91,6679.11
F39156,TUA00189,0.0,7194.25
F39159,TP0012,57.6,230.4
F39174,ECQ-00972,288.77,8663.07
F39177,TP00010,0.0,524.96
F39179,BN00266,0.0,252.21
F39181,CERAISON-14-28,6.0,60.0
F39181,TP0012,50.94,356.56
F39183,TUA00247,0.0,22555.72
F39184,TP0002,62.95,188.86
F39188,TUE00184,0.0,652.49
F39191,TUE00382,0.0,12146.99
F39199,TUA00436,332.9,3329.01
F39200,AK00010,0.0,131.36
F39201,EE00063,0.0,6885.12
F39203,CS58D2030A00,0.0,289.73
F39204,CS12D2030A00,0.0,192.34
F39208,TUA00200,800.35,6402.83
F39212,TUE00383,0.0,328.39
F39213,TUA00477,0.0,273.77
F39216,CS38D1017B00,0.0,266.08
F39223,CAS00013,0.0,1300.94
F39229,TP0016,222.0,222.0
F39231,TP0025,90.91,90.91
F39231,TP0026,113.59,113.59
F39233,TP0011,144.4,577.6
F39235,TEA00106,0.0,413.55
F39237,TP0007,236.6,1182.99
F39237,TP0026,0.0,1136.37
F39238,BL00060,0.0,187.54
F39239,TUE00381,0.0,1088.23
F39240,BP00183,0.0,133.59
F39248,BB2X2ST,220.0,220.0
F39253,TP0012,0.0,178.63
F39254,TP0002,62.95,125.91
F39256,RP00216,0.0,0.0
F39259,TUA00175,338.22,1352.89
F39260,BP00269,0.0,49.16
F39265,BB2X2ST,220.0,880.0
F39270,EE00072,0.0,0.0
F39271,BN00267,0.0,415.38
F39271,BN00268,0.0,253.04
F39272,RP00220,0.0,329.0
F39273,TUA00124,600.03,1800.09
F39274,TP0011,0.0,1444.0
F39278,TUA00478,0.0,2131.82
F39281,47980590,2392.5,2392.5
F39281,47980626,421.11,421.11
F39283,BP00259,89.76,89.76
F39283,BP00260,72.34,72.34
F39284,TUE00112,0.0,5213.9
F39284,TUE00113,0.0,8135.45
F39285,CS38H1040A11,0.0,0.0
F39291,ECQ-00972,0.0,6310.2
F39291,ECQ-01444,640.51,1921.52
F39294,TUA00475,0.0,197.53
F39300,TUS00109,0.0,460.25
F39303,TUE00385,0.0,70.7
F39306,TU5/16X215V240W,316.45,316.45
F39312,70001691,0.0,559.81
F39312,70001693,0.0,1007.01
F39312,70001694,124.77,1247.67
F39312,70001696,0.0,1321.62
F39312,70001697,0.0,972.31
F39312,70001698,0.0,1192.74
F39312,70007685,0.0,521.21
F39315,TUE00207,586.32,1758.97
F39320,BP00270,0.0,47.84
F39320,BP00271,0.0,99.37
F39320,BP00272,0.0,142.2
F39320,BP00273,0.0,39.85
F39324,CAS00083,131.45,1314.54
F39324,CAS00084,137.63,1376.26
F39324,CAS00085,203.69,203.69
F39324,CAS00086,126.29,126.29
F39326,TUS00001,127.62,382.87
F39327,TUA00021,1119.39,6716.37
F39332,TU5/16X203V240W,331.33,331.33
F39334,TUE00386,379.55,379.55
F39340,CAS00073,82.34,494.02
F39340,CAS00074,245.96,1475.75
F39340,RP00222,67.84,67.84
F39340,TUA00057,2496.65,4993.3
F39342,BS00006,982.4,10806.45
F39343,RPISTOLA01,130.12,650.58
F39345,TP0003,78.68,472.05
F39346,TEA00107,414.84,414.84
F39347,TEA00107,414.84,829.67
F39349,BN00269,117.24,117.24
F39351,TP0015,173.0,173.0
F39351,TP0016,222.0,222.0
F39352,TP0012,57.6,57.6
F39353,TUA00063,218.33,436.67
F39358,BO00067,57.07,57.07
F39359,CS12C1025A00,0.0,775.7
F39361,MR8-250-11-13,0.0,800.11
F39363,TUA00463,1931.62,3863.23
F39364,CS12G1040A00,90.42,271.25
F39365,CBE00012,251.37,3016.4
F39365,CBE00040,213.77,1282.59
F39366,TUA00049,291.33,2913.27
F39372,BP00259,89.76,89.76
F39372,BP00260,72.34,72.34
F39372,BP00274,150.44,150.44
F39372,BP00275,53.71,53.71
F39372,BP00276,108.81,108.81
F39374,BC00010,472.22,1416.65
F39376,TEA00108,170.55,170.55
F39379,TUA00480,0.0,926.71
F39384,TUA00479,0.0,3280.08
F39385,TEA00110,166.83,166.83
F39387,TUE00258,93.2,93.2
F39388,TUE00258,93.2,93.2
F39390,BC00030,663.12,5304.97
F39396,BP00277,0.0,176.5
F39396,BP00278,0.0,170.28
F39399,BN00270,0.0,350.67
F39400,BB2X2ST,300.0,1200.0
F39403,TP0001,48.2,96.4
F39404,CS14K2040A00,0.0,76.84
F39404,CS14L2040A00,53.33,106.65
F39404,TP0006,126.71,253.43
F39405,CAS00087,235.35,1412.1
F39405,CAS00088,277.2,277.2
F39411,TEA00109,145.23,145.23
F39412,BL00061,1047.18,1047.18
F39420,TP0008,265.64,531.27
F39420,TP0009,205.2,820.82
F39420,TP0010,125.68,502.72
F39422,PJ31C1C1B000,99.22,198.45
F39424,EE00071,0.0,426.55
F39425,TP0003,78.68,78.68
F39426,TUA00463,1931.62,1931.62
F39428,RP00227,78.38,78.38
F39432,TUA00481,332.12,332.12
F39433,TUA00481,332.12,332.12
F39436,EE00063,1721.28,6885.12
F39437,TUS00048,63.09,63.09
F39438,TP0002,62.95,125.91
F39441,TUS00113,69.55,139.11
F39442,TP0002,62.95,62.95
F39444,TP0008,265.64,531.27
F39447,PJ18D2E1A410,81.99,81.99
F39449,TUA00482,0.0,1414.5
F39450,CM10I2040A00,63.37,253.47
F39454,P25601AB0600,521.55,521.55
F39455,TP0003,76.08,1141.15
F39455,TP0008,211.36,634.09
F39456,EE00075,0.0,544.48
F39468,TP0002,62.95,62.95
F39470,TP0001,48.2,48.2
F39471,CS12N1050A00,127.11,762.68
F39490,CS58O2050A00,0.0,290.03
F39491,RP00225,0.0,0.0
F39493,TP0002,62.95,251.81
F39494,CAS00083,131.45,1314.54
F39494,CAS00084,137.63,963.38
F39494,CAS00085,0.0,5092.2
F39494,CAS00086,126.29,126.29
F39499,TUS00016,98.82,395.3
F39499,TUS00017,112.34,449.36
F39499,TUS00018,99.83,598.95
F39500,BO00066,0.0,0.0
F39503,RP00192,0.2,0.2
F39509,TP0002,51.36,102.71
F39509,TP0003,68.2,136.41
F39511,TEE00017,1164.2,2328.4
F39513,TUA00484,0.0,2654.96
F39519,TUE00384,18.45,18.45
F39523,TUA00483,339.91,679.81
F39524,EE00077,0.0,1327.51
F39525,CBS00001,676.87,7445.6
F39526,BB1 1/2X1/2-300W,278.0,278.0
F39526,TP0025,96.83,96.83
F39531,BP00259,89.76,89.76
F39531,BP00260,72.34,72.34
F39539,PJ14R1B40A00,420.67,420.67
F39541,TUA00175,401.65,1606.58
F39542,ECQ-00971,385.09,770.19
F39542,ECQ-00972,316.19,6323.81
F39543,P231E1AB0600,0.0,0.0
F39543,P231J1AB0600,518.43,518.43
F39546,CBS00092,469.53,5553.94
F39549,BL00062,208.88,626.65
F39550,TP0002,0.0,337.86
F39554,TUE00387,67.56,202.67
F39555,TP0012,57.6,115.2
F39560,TUA00325,0.0,9208.38
F39564,TUA00486,0.0,408.31
F39566,RPISTOLA01,129.7,778.18
F39568,BP00279,257.11,514.21
F39569,TU5/16X203V,325.78,1628.92
F39569,TUA00436,332.9,1664.51
F39571,TUS00128,197.83,197.83
F39571,TUS00129,178.15,178.15
F39571,TUS00130,171.15,171.15
F39574,TP0001,48.2,48.2
F39574,TP0024,48.1,48.1
F39576,EE00022,0.0,654.34
F39577,TK00028,78.24,156.48
F39582,RP00223,42.65,85.31
F39584,TUE00388,394.88,2369.31
F39586,BO00061,0.0,539.86
F39587,TUE00122,129.28,387.85
F39588,TP0040,153.85,153.85
F39591,CAS00089,0.0,2514.71
F39592,RP00165,0.0,277.5
F39595,TUE00389,1541.46,1541.46
F39597,TJ00037,519.45,519.45
F39597,TP0022,331.49,662.99
F39597,TP0040,153.85,153.85
F39598,TUA00485,264.62,264.62
F39600,TUA00098,199.05,597.15
F39603,TUA00468,0.0,991.99
F39605,TP0005,97.49,194.99
F39608,TP0001,48.2,96.4
F39608,TP0002,63.31,126.62
F39608,TP0003,65.16,65.16
F39609,TJ00095,0.0,308.87
F39609,TJ00096,0.0,257.43
F39610,TP0011,144.4,1444.0
F39610,TP0012,57.6,115.2
F39611,CBS00019,336.58,2692.66
F39612,TUA00191,1318.1,1318.1
F39613,TP0022,331.49,662.99
F39615,TP0008,186.16,372.32
F39615,TP0009,205.2,410.41
F39615,TP0010,125.68,502.72
F39618,TUE00391,0.0,483.02
F39621,TP0001,48.2,48.2
F39622,TEE00012,485.13,2499.93
F39624,BN00271,157.64,157.64
F39625,RP00228,63.9,63.9
F39627,TUA00487,1292.27,1292.27
F39630,TUE00390,30.45,60.89
F39631,P114Q1H90412,996.4,3985.6
F39632,P251L1J1B000,0.0,3845.43
F39633,CBS00001,0.0,11843.56
F39634,BS00006,936.33,5618.0
F39634,BS00008,0.0,6802.89
F39636,TP0003,0.0,886.28
F39637,BB00103,0.0,337.07
F39642,ECQ-00972,301.31,6026.11
F39643,TUE00195,919.68,919.68
F39645,CBS00106,286.34,286.34
F39647,TU5/16X870J127V,227.18,227.18
F39649,CAE00046,137.33,137.33
F39649,CM16I2090A00,139.65,139.65
F39654,TUA00258,280.14,1680.81
F39657,BO00061,89.98,539.86
F39659,TUE00142,448.24,448.24
F39661,TUA00490,0.0,0.0
F39661,TUA00491,0.0,0.0
F39664,BN00272,328.36,328.36
F39666,BB00102,78.25,78.25
F39671,CAS00044,0.0,2031.23
F39672,CAE00045,158.36,633.45
F39673,CS12C1025A00,96.96,775.7
F39675,TUE00166,140.88,140.88
F39678,ABRAZA01,21.39,213.85
F39685,47980249,301.12,1806.71
F39686,47980249,299.53,2695.79
F39686,47980626,499.2,499.2
F39687,TP0003,79.01,237.03
F39691,TEA00095,0.0,762.35
F39696,RP00229,0.0,0.0
F39700,TUE00142,293.13,293.13
F39701,CAE00047,0.0,291.13
F39701,TUE00392,0.0,196.44
F39706,TP0011,144.4,288.8
F39716,BO00005,1734.88,1734.88
F39719,CBS00092,0.0,11537.18
F39721,ABRAZA01,21.39,213.85
F39725,TUE00207,466.2,1864.79
F39730,TP0012,57.6,57.6
F39731,ECQ-00972,315.59,6311.82
F39732,TEA00006,119.05,1190.47
F39733,TUS00131,0.0,0.0
F39736,TEA00111,668.13,6681.26
F39741,TUS00052,37.65,150.59
F39743,TUA00401,0.0,720.39
F39748,TUE00206,0.0,733.23
F39749,TP0011,144.4,144.4
F39749,TP0012,57.6,172.8
F39751,TUA00489,0.0,0.0
F39752,TU5/16X870J127V,227.18,227.18
F39754,CS14D2017B20,222.14,444.27
F39757,TP0016,222.0,222.0
F39759,TUA00488,454.72,1364.17
F39760,TP0005,97.49,584.96
F39762,TP0004,97.3,389.19
F39762,TP0008,306.53,1226.13
F39763,CBS00107,0.0,355.52
F39764,TUE00081,414.88,414.88
F39767,TUE00393,0.0,166.8
F39770,TUE00207,0.0,2345.29
F39774,ECQ-01444,828.0,4968.0
F39775,EE00077,0.0,2212.51
F39776,ECQ-00971,360.7,721.39
F39776,ECQ-00974,1311.27,1311.27
F39776,ECQ-01444,773.21,3866.04
F39777,BO00061,89.98,1079.71
F39780,TP0012,57.6,57.6
F39788,TUA00494,0.0,2335.2
F39791,TUA00433,0.0,3722.84
F39792,TU5/16X203V,0.0,651.57
F39793,PT00091,0.0,198.93
F39794,CAS00083,131.45,3417.8
F39794,CAS00084,137.63,1376.26
F39795,PJ31A1I1A000,0.0,1160.05
F39795,PJ31A1I1A400,236.2,1181.01
F39801,CS58R2200A01,0.0,4055.46
F39803,TUA00493,0.0,0.0
F39810,CBS00109,0.0,5337.9
F39811,ECQ-00974,0.0,1392.92
F39812,70001698,107.33,1073.25
F39813,CAS00035,0.0,2726.1
F39815,RP00230,0.0,1319.88
F39815,RP00231,0.0,99.68
F39816,TUA00492,0.0,7120.54
F39817,TP0016,0.0,635.0
F39820,TU5/16X230MM,226.23,226.23
F39824,TUA00325,4579.08,4579.08
F39826,RB00007,78.09,390.43
F39828,TP00018,51.16,153.49
F39830,BP00006,0.0,1767.02
F39830,PJ31Q1G1A400,0.0,369.62
F39833,BL00002,65.31,130.63
F39833,BN00145,286.13,572.25
F39833,BN00146,421.91,843.82
F39833,PT00079,477.16,954.32
F39834,CS12F1040A00,102.31,613.88
F39834,CS12H1050A00,104.69,628.12
F39835,TUE00394,0.0,1789.64
F39837,TUA00470,1884.35,1884.35
F39838,RB00007,0.0,806.55
